{"cameraMode":{"drawMode":0,"name":"Shaded","section":"Shading Mode"},"sceneLighting":true,"audioPlay":false,"sceneViewState":{"m_AlwaysRefresh":false,"showFog":true,"showSkybox":true,"showFlares":true,"showImageEffects":true,"showParticleSystems":true,"showVisualEffectGraphs":true,"m_FxEnabled":true},"in2DMode":false,"pivot":{"x":-14.280743598937989,"y":-104.63600158691406,"z":165.8107147216797},"rotation":{"x":-0.2739514112472534,"y":0.04527650773525238,"z":-0.012918897904455662,"w":-0.9606166481971741},"size":122.67550659179688,"orthographic":false}