{"cameraMode":{"drawMode":0,"name":"Shaded","section":"Shading Mode"},"sceneLighting":true,"audioPlay":false,"sceneViewState":{"m_AlwaysRefresh":false,"showFog":true,"showSkybox":true,"showFlares":true,"showImageEffects":true,"showParticleSystems":true,"showVisualEffectGraphs":true,"m_FxEnabled":true},"in2DMode":false,"pivot":{"x":1.2935495376586915,"y":-2.869386672973633,"z":5.897340774536133},"rotation":{"x":-0.24236074090003968,"y":0.009310655295848847,"z":-0.002326569752767682,"w":-0.9701422452926636},"size":13.267253875732422,"orthographic":false}